INFO PANEL			
No.	Tab Title	Image	Text
1	Overview	
















	Apakah Kabel Dasar Laut?Kabel komunikasi dasar laut adalah kabel yang terletak di dasar laut di antara stesen daratan bagi membawa isyarat telekomunikasi merentasi lautan.

What Is a Submarine Cable?
Submarine communications cable is a cable laid on the seabed between land-based stations to carry telecommunication signals across stretches of ocean.
2			Kabel Dasar Laut: Penghubung Kepada Dunia 
Sejak tahun 1870-an lagi, Malaysia telahpun boleh berkomunikasi secara langsung dengan pihak di Britain dan Madras melalui talian telegraf dasar laut. Sepanjang 30 tahun terciptanya telegraf, rangkaian kabel dasar laut telah berkembang pesat ke Laut Mediterranean, Laut Merah melalui Terusan Suez, Lautan Hindi serta merentasi Lautan Pasifik, menghubungkan Malaysia dengan seluruh dunia. 

Banyak kemajuan telah dikecapi sejak 150 tahun terdahulu, dan kabel-kabel telegraf yang lama telah ditukarkan kepada kabel-kabel fiber optik baharu yang mampu menghantar maklumat sepantas kelajuan cahaya. Dengan perubahan berterusan sepanjang abad ini, TM akan terus menyediakan infrastruktur telekomunikasi yang termaju untuk negara dalam menjadikan “Hidup dan Perniagaan Lebih Mudah” demi kesejahteraan Malaysia.

Submarine Cables: Connecting the World

As early as the 1870s, Malaysia was already connected to Britain and Madras through submarine telegraph cables, enabling direct communication across oceans. Within 30 years of the invention of the telegraph, submarine cable networks expanded through the Mediterranean Sea, the Red Sea via the Suez Canal, the Indian Ocean, and across the Pacific, connecting Malaysia to the rest of the world.

Over the past 150 years, submarine cable technology has evolved significantly. Early telegraph cables have been replaced by modern fibre optic cables, which transmit vast amounts of information at the speed of light. Today, TM continues this legacy by providing advanced telecommunications infrastructure that connects people, businesses, and communities, making “Life and Business Made Easier” for a better Malaysia.
3	How It’s Made		Gutta Percha 
Daripada daun pokok Nyatoh Taban Merah (Palaquium gutta), iaitu sejenis pokok yang berasal dari Asia Tenggara, terhasilnya gutta percha — sejenis lateks semula jadi yang telah mengubah komunikasi global. Daun-daun segar pokok ini dihancurkan menggunakan batu pengisar untuk mengekstrak lateks berwarna putih, yang kemudiannya direbus dan diproses menjadi blok untuk dieksport.

Disebabkan sifatnya yang kalis air dan mempunyai keupayaan penebatan elektrik, gutta percha menjadi bahan utama yang digunakan untuk menebat kabel telegraf dasar laut pada peringkat awal. Ia melindungi teras kabel daripada air laut, membolehkan isyarat dihantar dengan selamat merentasi lautan dan menghubungkan negara-negara di seluruh dunia.

Gutta Percha
From the leaves of the Nyatoh Taban Merah (Palaquium gutta), a tree native to Southeast Asia, came gutta percha — a natural latex that transformed global communication. The fresh leaves were crushed using a grinder stone to extract the white latex, which was then boiled and processed into blocks for export.

Due to its waterproof and electrical insulating properties, gutta percha became the key material used to insulate early submarine telegraph cables. It protected the cable core from seawater, allowing signals to travel safely across oceans and connecting countries around the world.
4			Maklumat Pokok
Nama Biasa: Gutta Percha
Nama Saintifik: Palaquium gutta
Nama Tempatan: Nyatoh Taban Merah

Nyatoh Taban Merah (Palaquium gutta) adalah spesies pokok kayu yang bersaiz sederhana yang diletakkan dalam kumpulan keluarga Sapotaceae. Ia tumbuh secara semula jadi di kawasan hutan tropika campur bertanah rendah. Pokok ini boleh tumbuh sehingga mencapai ketinggian 40 meter (130 kaki). Lateks Gutta Percha dihasilkan melalui proses menghancurkan daun pokok Nyatoh Taban Merah sehingga ianya mengeluarkan bahan getah.
Tree InformationCommon Name: Gutta Percha
Scientific Name: Palaquium gutta
Local Name: Nyatoh Taban Merah

Nyatoh Taban Merah (Palaquium gutta) is a medium-sized timber tree species, grouped under the Sapotaceae family. It naturally occurs in the lowland mixed tropical forest. The tree can grow up to 40 metres (130 feet) tall. The Gutta Percha latex is produced by crushing the Nyatoh Taban Merah’s fresh leaves.
5	Inside The Cable		Teras utama kabel dilitupi dengan lilitan tembaga untuk melindunginya daripada serangga laut perosak. Kemudiannya, lapisan benang jut dipintal di sekeliling kabel sebagai pelindung wayar. Akhir sekali, seluruh kabel akan disaluti dengan besi “galvanised” untuk melindunginya daripada kakisan.

The core of the cable is covered with brass tape to protect it from marine insect borer. The jute yarn is then twisted round the core to serve as a bedding for the outer protecting wires. Finally, the cable is covered with galvanised iron wires as additional protection against corrosion.
6	Then And Now		















Then: Telegraph Cables
Early submarine cables carried electrical telegraph signals across oceans, enabling the first international communication networks. However, their limited transmission speed and capacity restricted the amount of information they could carry.
Now: Fibre Optic Cables
Modern submarine cables use fibre optic technology to transmit data as pulses of light. They provide high-speed, reliable connections across continents and form the backbone of today’s global digital infrastructure.
















8	Videos	




	Subsea Cable Repair

https://youtu.be/QiwidMEv8CM?si=vcQu8r4zypvvEsxK

MP4: https://drive.google.com/file/d/1jLWoHVTHgdbcnOWcHpYmP1JF8vcz-zY_/view?usp=sharing

9		



	SEACOM: Malaysia’s First Submarine Cable Link

https://www.facebook.com/700212468/videos/463019959046135/?idorvanity=204394701361682

MP4: https://drive.google.com/file/d/1R4Qf7T_6YSOmvuJlNgKJIqWazmLrP52o/view?usp=sharing